timestamp,app,service_tier,origin_name,origin_lat,origin_lng,dest_name,dest_lat,dest_lng,road_distance_km,duration_min,actual_price,actual_regular_price,weather,traffic_level,hour_of_day,day_of_week
2026-09-25T08:30:00+07:00,grab,bike,BTS อารีย์,13.7797,100.5448,สยามพารากอน,13.7460,100.5349,4.8,14,59,63,clear,high,8,4
2026-09-25T08:30:00+07:00,bolt,bike,BTS อารีย์,13.7797,100.5448,สยามพารากอน,13.7460,100.5349,4.8,14,49,53,clear,high,8,4
2026-09-25T08:30:00+07:00,lineman,bike,BTS อารีย์,13.7797,100.5448,สยามพารากอน,13.7460,100.5349,4.8,14,58,58,clear,high,8,4
2026-09-25T08:30:00+07:00,maxim,bike,BTS อารีย์,13.7797,100.5448,สยามพารากอน,13.7460,100.5349,4.8,14,45,45,clear,high,8,4
2026-09-25T08:30:00+07:00,indrive,bike,BTS อารีย์,13.7797,100.5448,สยามพารากอน,13.7460,100.5349,4.8,14,50,50,clear,high,8,4
2026-09-25T08:30:00+07:00,grab,car,BTS อารีย์,13.7797,100.5448,สยามพารากอน,13.7460,100.5349,5.2,28,148,155,clear,high,8,4
2026-09-25T08:30:00+07:00,bolt,car,BTS อารีย์,13.7797,100.5448,สยามพารากอน,13.7460,100.5349,5.2,28,118,125,clear,high,8,4
2026-09-25T08:30:00+07:00,lineman,car,BTS อารีย์,13.7797,100.5448,สยามพารากอน,13.7460,100.5349,5.2,28,135,140,clear,high,8,4
2026-09-25T08:30:00+07:00,maxim,car,BTS อารีย์,13.7797,100.5448,สยามพารากอน,13.7460,100.5349,5.2,28,105,105,clear,high,8,4
2026-09-25T08:30:00+07:00,indrive,car,BTS อารีย์,13.7797,100.5448,สยามพารากอน,13.7460,100.5349,5.2,28,115,115,clear,high,8,4
2026-09-25T11:15:00+07:00,grab,bike,สุขุมวิท 21 (อโศก),13.7442,100.5630,ทองหล่อ 10,13.7335,100.5840,2.6,8,38,38,clear,moderate,11,4
2026-09-25T11:15:00+07:00,bolt,bike,สุขุมวิท 21 (อโศก),13.7442,100.5630,ทองหล่อ 10,13.7335,100.5840,2.6,8,32,32,clear,moderate,11,4
2026-09-25T11:15:00+07:00,lineman,bike,สุขุมวิท 21 (อโศก),13.7442,100.5630,ทองหล่อ 10,13.7335,100.5840,2.6,8,36,36,clear,moderate,11,4
2026-09-25T11:15:00+07:00,maxim,bike,สุขุมวิท 21 (อโศก),13.7442,100.5630,ทองหล่อ 10,13.7335,100.5840,2.6,8,28,28,clear,moderate,11,4
2026-09-25T11:15:00+07:00,indrive,bike,สุขุมวิท 21 (อโศก),13.7442,100.5630,ทองหล่อ 10,13.7335,100.5840,2.6,8,35,35,clear,moderate,11,4
2026-09-25T14:20:00+07:00,grab,car,อนุสาวรีย์ชัยฯ,13.7649,100.5383,เดอะมอลล์งามวงศ์วาน,13.8580,100.5422,11.4,26,195,195,clear,moderate,14,4
2026-09-25T14:20:00+07:00,bolt,car,อนุสาวรีย์ชัยฯ,13.7649,100.5383,เดอะมอลล์งามวงศ์วาน,13.8580,100.5422,11.4,26,155,160,clear,moderate,14,4
2026-09-25T14:20:00+07:00,lineman,car,อนุสาวรีย์ชัยฯ,13.7649,100.5383,เดอะมอลล์งามวงศ์วาน,13.8580,100.5422,11.4,26,180,180,clear,moderate,14,4
2026-09-25T14:20:00+07:00,maxim,car,อนุสาวรีย์ชัยฯ,13.7649,100.5383,เดอะมอลล์งามวงศ์วาน,13.8580,100.5422,11.4,26,140,140,clear,moderate,14,4
2026-09-25T14:20:00+07:00,indrive,car,อนุสาวรีย์ชัยฯ,13.7649,100.5383,เดอะมอลล์งามวงศ์วาน,13.8580,100.5422,11.4,26,150,150,clear,moderate,14,4
2026-09-25T18:45:00+07:00,grab,bike,สาทร สีลม,13.7228,100.5284,เซ็นทรัล พระราม 9,13.7578,100.5662,8.2,25,98,105,rain,high,18,4
2026-09-25T18:45:00+07:00,bolt,bike,สาทร สีลม,13.7228,100.5284,เซ็นทรัล พระราม 9,13.7578,100.5662,8.2,25,82,88,rain,high,18,4
2026-09-25T18:45:00+07:00,lineman,bike,สาทร สีลม,13.7228,100.5284,เซ็นทรัล พระราม 9,13.7578,100.5662,8.2,25,95,100,rain,high,18,4
2026-09-25T18:45:00+07:00,maxim,bike,สาทร สีลม,13.7228,100.5284,เซ็นทรัล พระราม 9,13.7578,100.5662,8.2,25,72,72,rain,high,18,4
2026-09-25T18:45:00+07:00,indrive,bike,สาทร สีลม,13.7228,100.5284,เซ็นทรัล พระราม 9,13.7578,100.5662,8.2,25,80,80,rain,high,18,4
2026-09-26T10:00:00+07:00,grab,bike,นิมมานเหมินท์ เชียงใหม่,18.7968,98.9691,ประตูท่าแพ เชียงใหม่,18.7877,98.9932,3.4,10,42,42,clear,low,10,5
2026-09-26T10:00:00+07:00,bolt,bike,นิมมานเหมินท์ เชียงใหม่,18.7968,98.9691,ประตูท่าแพ เชียงใหม่,18.7877,98.9932,3.4,10,34,34,clear,low,10,5
2026-09-26T10:00:00+07:00,maxim,bike,นิมมานเหมินท์ เชียงใหม่,18.7968,98.9691,ประตูท่าแพ เชียงใหม่,18.7877,98.9932,3.4,10,29,29,clear,low,10,5
2026-09-26T10:00:00+07:00,indrive,bike,นิมมานเหมินท์ เชียงใหม่,18.7968,98.9691,ประตูท่าแพ เชียงใหม่,18.7877,98.9932,3.4,10,35,35,clear,low,10,5
2026-09-26T10:00:00+07:00,grab,car,นิมมานเหมินท์ เชียงใหม่,18.7968,98.9691,ประตูท่าแพ เชียงใหม่,18.7877,98.9932,3.4,12,85,85,clear,low,10,5
2026-09-26T10:00:00+07:00,bolt,car,นิมมานเหมินท์ เชียงใหม่,18.7968,98.9691,ประตูท่าแพ เชียงใหม่,18.7877,98.9932,3.4,12,68,68,clear,low,10,5
2026-09-26T15:30:00+07:00,grab,car,ป่าตอง ภูเก็ต,7.8960,98.2970,เมืองเก่าภูเก็ต,7.8840,98.3910,14.8,32,340,350,clear,moderate,15,5
2026-09-26T15:30:00+07:00,bolt,car,ป่าตอง ภูเก็ต,7.8960,98.2970,เมืองเก่าภูเก็ต,7.8840,98.3910,14.8,32,270,280,clear,moderate,15,5
2026-09-26T15:30:00+07:00,maxim,car,ป่าตอง ภูเก็ต,7.8960,98.2970,เมืองเก่าภูเก็ต,7.8840,98.3910,14.8,32,230,230,clear,moderate,15,5
2026-09-26T15:30:00+07:00,indrive,car,ป่าตอง ภูเก็ต,7.8960,98.2970,เมืองเก่าภูเก็ต,7.8840,98.3910,14.8,32,250,250,clear,moderate,15,5
2026-09-26T15:30:00+07:00,grab,bike,ป่าตอง ภูเก็ต,7.8960,98.2970,เมืองเก่าภูเก็ต,7.8840,98.3910,14.8,28,145,150,clear,moderate,15,5
